insert into franchise(id,name,description) values(0,'Marvel Cinematic Universe','A lot of superhero origin stories culminating into a giant fight');
insert into franchise(id,name,description) values(1,'Lord of the Rings','All about a journey to throw a ring into a volcano over three movies and a total 9hours and 17minutes ');
insert into franchise(id,name,description) values(2,'DC Cinematic Univers', 'Same as marvel but not as good');

insert into movie(id,director,genre,picture,release_year,title,trailer,franchise_id) values(0,'Jon Favreau','Action,Sci-Fi,Superhero,war','https://pics.filmaffinity.com/Iron_Man-108960873-large.jpg',2008,'Iron Man','https://www.youtube.com/watch?v=8ugaeA-nMTc',0);
insert into movie(id,director,genre,picture,release_year,title,trailer,franchise_id) values(1,'Jon Favreau','Action,Sci-Fi,Superhero,war','https://upload.wikimedia.org/wikipedia/en/e/ed/Iron_Man_2_poster.jpg',2010,'Iron Man 2','https://www.youtube.com/watch?v=BoohRoVA9WQ',0);
insert into movie(id,director,genre,picture,release_year,title,trailer,franchise_id) values(2,'Jon Favreau','Action,Sci-Fi,Superhero,war','https://static.wikia.nocookie.net/wwcbm/images/8/80/Iron_Man_3_Poster.jpg/revision/latest?cb=20170721212133',2013,'Iron Man 3','https://www.youtube.com/watch?v=YLorLVa95Xo',0);

insert into movie(id,director,genre,picture,release_year,title,trailer,franchise_id) values(3,'Joss Whedon','actio,adventure,sci-fi','https://m.media-amazon.com/images/M/MV5BNDYxNjQyMjAtNTdiOS00NGYwLWFmNTAtNThmYjU5ZGI2YTI1XkEyXkFqcGdeQXVyMTMxODk2OTU@._V1_QL75_UX380_CR0,0,380,562_.jpg',2012,'The Avnegers','https://www.youtube.com/watch?v=eOrNdBpGMv8',0);



insert into movie(id,director,genre,picture,release_year,title,trailer,franchise_id) values(4,'Peter Jackson','Action,Adventure,Drama','https://static.posters.cz/image/750/poster/lord-of-the-rings-fellowship-i11723.jpg',2001,'Lord of the Rings: Fellowship of the ring','https://www.youtube.com/watch?v=V75dMMIW2B4',1);
insert into movie(id,director,genre,picture,release_year,title,trailer,franchise_id) values(5,'Peter Jackson','Action,Adventure,Drama','https://external-content.duckduckgo.com/iu/?u=https%3A%2F%2Ftse3.mm.bing.net%2Fth%3Fid%3DOIP.euawKpv_WZaJQBUN8uY-GQHaEK%26pid%3DApi&f=1&ipt=f1ffd43fb32156efba90886ffd0934f0cab7df8b061d8c5b0cce6bb8fecbd47f&ipo=images',2002,'Lord of the rings: Two Towers','https://www.youtube.com/watch?v=LbfMDwc4azU',1);
insert into movie(id,director,genre,picture,release_year,title,trailer,franchise_id) values(6,'Peter Jackson','Acttio,Adventure,Drama','https://external-content.duckduckgo.com/iu/?u=https%3A%2F%2Ftse4.explicit.bing.net%2Fth%3Fid%3DOIP.71Xn1EuXzczm0JPG67UkJgHaK-%26pid%3DApi&f=1&ipt=6b7808ca9129bb7a8ebc66cd304973b477c6f88e7b2b5e3f97a826d62bef4c23&ipo=images',2003,'Lord of the Rings: Return ofthe king','https://www.youtube.com/watch?v=r5X-hFf6Bwo',1);



insert into movie(id,director,genre,picture,release_year,title,trailer,franchise_id) values(7,'Matt Reeves','Action,Crime,Drama','https://external-content.duckduckgo.com/iu/?u=https%3A%2F%2Ftse2.mm.bing.net%2Fth%3Fid%3DOIP.1KKkowK56Rk5AvTQ65sWZQHaKE%26pid%3DApi&f=1&ipt=bc6e54c781ff62102e79ccb926774cefea06650a8fd87011cc88f75960730513&ipo=images',2022,'The Batman','https://www.youtube.com/watch?v=mqqft2x_Aa4',2);
insert into movie(id,director,genre,picture,release_year,title,trailer,franchise_id) values(8,'Patty Jnekins','Action,Adventure,Fantasy','https://external-content.duckduckgo.com/iu/?u=https%3A%2F%2Ftse2.mm.bing.net%2Fth%3Fid%3DOIP.KOFtPhXNqWZ_Tpa-LJuEagHaHa%26pid%3DApi&f=1&ipt=b351f2b70c87c9c9012208c5a38c00f0d6bf1b64492107b6cea90c8be32252c4&ipo=images',2017,'Wonder Womn','https://www.youtube.com/watch?v=1Q8fG0TtVAY',2);
insert into movie(id,director,genre,picture,release_year,title,trailer,franchise_id) values(9,'Zack snyder','Action,Adventure,Fantasy','https://external-content.duckduckgo.com/iu/?u=https%3A%2F%2Ftse3.mm.bing.net%2Fth%3Fid%3DOIP.slY5BopUDMuaMEegNor2zgHaMR%26pid%3DApi&f=1&ipt=57150283f336e9666b24cdc41ea40499a4b9a084942570028d9b5ade933919f9&ipo=images',2021,'Zack Snyder`s Justice Laguee','https://www.youtube.com/watch?v=vM-Bja2Gy04',2);




insert into character(id,alias,gender,name,url) values(0,'IronMan','Male','Tony Stark','https://static.wikia.nocookie.net/marvelcinematicuniverse/images/3/35/IronMan-EndgameProfile.jpg/revision/latest/scale-to-width-down/699?cb=20190423175213');
insert into character(id,alias,gender,name,url) values(1,'Rescue','Female','Pepper Potts','https://static.wikia.nocookie.net/marvelcinematicuniverse/images/8/86/F_153752.jpg/revision/latest?cb=20190806085706');
insert into character(id,alias,gender,name,url) values(2,'Happy','Male','Harry Hogan','https://static.wikia.nocookie.net/ironman/images/7/78/Photo%28864%29.png/revision/latest?cb=20140209141926');

insert into movie_characters(movie_id,character_id) values(0,0);
insert into movie_characters(movie_id,character_id) values(0,1);
insert into movie_characters(movie_id,character_id) values(0,2);

insert into movie_characters(movie_id,character_id) values(1,0);
insert into movie_characters(movie_id,character_id) values(1,1);
insert into movie_characters(movie_id,character_id) values(1,2);

insert into movie_characters(movie_id,character_id) values(2,0);
insert into movie_characters(movie_id,character_id) values(2,1);
insert into movie_characters(movie_id,character_id) values(2,2);

insert into movie_characters(movie_id,character_id) values(3,0);
insert into movie_characters(movie_id,character_id) values(3,1);
insert into movie_characters(movie_id,character_id) values(3,2);




insert into character(id,alias,gender,name,url) values(3,'Bilbo','Male','Bilbo Baggins','https://static.wikia.nocookie.net/lotr/images/b/b6/The_Hobbit_wallpaper_48.jpg/revision/latest?cb=20131112182330');
insert into character(id,alias,gender,name,url) values(4,'Frodo','Male','Frodo Baggins','https://static.wikia.nocookie.net/lotr/images/3/32/Frodo_%28FotR%29.png/revision/latest?cb=20221006065757');
insert into character(id,alias,gender,name,url) values(5,'Gandalf the Grey','Male','Gandalf','https://static.wikia.nocookie.net/lotr/images/e/e7/Gandalf_the_Grey.jpg/revision/latest?cb=20121110131754');

insert into movie_characters(movie_id,character_id) values(4,3);
insert into movie_characters(movie_id,character_id) values(4,4);
insert into movie_characters(movie_id,character_id) values(4,5);

insert into movie_characters(movie_id,character_id) values(5,3);
insert into movie_characters(movie_id,character_id) values(5,4);
insert into movie_characters(movie_id,character_id) values(5,5);

insert into movie_characters(movie_id,character_id) values(6,3);
insert into movie_characters(movie_id,character_id) values(6,4);
insert into movie_characters(movie_id,character_id) values(6,5);




insert into character(id,alias,gender,name,url) values(6,'Batman','Male','Bruce wayne','https://www.dc.com/sites/default/files/field/image/MV5BNzAzNjA1OTItY2ZkOC00ZDFjLWE0Y2EtYTJkZTVmOWIwMDBiXkEyXkFqcGdeQXVyMzMwOTU5MDk%40._V1__62214ad62d2fc0.77218266.jpg');
insert into character(id,alias,gender,name,url) values(7,'Wonder Woman','Female','Diana Prince','https://people.com/thmb/O4au7o8qtmbV9qC2SMQfPm7rg6k=/1500x0/filters:no_upscale():max_bytes(150000):strip_icc():focal(675x379:677x381)/gal-gadot-2000-f893bc7afe9b44be91663eb17cc17750.jpg');
insert into character(id,alias,gender,name,url) values(8,'Superman','Male','Clark Kent','https://phantom-marca.unidadeditorial.es/5f93cf96e70d07fbfc913e3adb2cf2c6/resize/1320/f/webp/assets/multimedia/imagenes/2022/10/20/16662224157675.jpg');

insert into movie_characters(movie_id,character_id) values(7,6);
insert into movie_characters(movie_id,character_id) values(7,7);
insert into movie_characters(movie_id,character_id) values(7,8);

insert into movie_characters(movie_id,character_id) values(8,6);
insert into movie_characters(movie_id,character_id) values(8,7);
insert into movie_characters(movie_id,character_id) values(8,8);

insert into movie_characters(movie_id,character_id) values(9,6);
insert into movie_characters(movie_id,character_id) values(9,7);
insert into movie_characters(movie_id,character_id) values(9,8);